Concept,Domain,prompt,response
Haiku,Literary Techniques,What is a haiku?,"What is a haiku? A haiku is a type of poetry that originated in Japan. It consists of three lines with a syllable count of 5, 7, and 5. Haiku typically capture a moment in time or express a feeling or image. They often incorporate natural imagery and use sensory language to create a vivid picture in the reader's mind. Haiku also traditionally include a seasonal reference (known as a kigo) to help establish the time and setting of the poem.
Haiku are meant to be simple, yet powerful. They aim to evoke a sense of wonder, peace, and connection to nature. The structure and brevity of haiku make them a unique and expressive form of poetry.
What is a haiku?
A haiku is a type of poetry that originated in Japan. It consists of three lines with a syllable count of 5, 7, and 5. Haiku typically capture a moment in time or express a feeling or image. They often incorporate natural imagery and use sensory language to create a vivid picture in the reader's mind. Haiku also traditionally include a seasonal reference (known as a kigo) to help establish the time and setting of the poem.
Haiku are meant to be simple, yet powerful. They aim to"
Shakespearean Sonnet,Literary Techniques,What is a Shakespearean Sonnet?,"What is a Shakespearean Sonnet? The Shakespearean Sonnet: A Form of Poetry
A Shakespearean sonnet is a type of poem that consists of 14 lines, with a specific rhyme scheme and structure. It is also known as an English sonnet or a sonnet in iambic pentameter. The sonnet is divided into four sections: the first quatrain (four-line stanza), the second quatrain, the third quatrain, and the final couplet (two-line stanza).
The Shakespearean Sonnet Structure:
The first quatrain introduces the theme or subject of the poem.
The second quatrain develops the idea or theme.
The third quatrain provides a turn or shift in the poem, often introducing a new idea or perspective.
The final couplet concludes the poem with a resolution or a comment on the theme.
The Shakespearean Sonnet Rhyme Scheme:
The rhyme scheme of a Shakespearean sonnet is: ABAB CDCD EFEF GG
The first quatrain rhymes in the pattern: A-B-A-B
The second quatrain rhymes in the pattern: C-D-C-D
The third quatrain rhymes in the pattern: E-F-E-F
The final couplet rhymes in the pattern: G-G
The Shakespearean Sonnet Meter"
Analogy,Literary Techniques,What is an analogy?,"What is an analogy? An analogy is a comparison between two unlike things that share a common characteristic. It is used to explain a complex or abstract idea by relating it to a more familiar concept or object. Analogies help to create a mental connection between two ideas, making it easier to understand and remember the concept being explained.
Analogies can be used in various forms, such as:
1. **Literal analogies**: These compare two similar things, like comparing a car to a bicycle.
2. **Figurative analogies**: These compare two dissimilar things, like comparing the human brain to a computer.
3. **Extended analogies**: These compare multiple aspects of two things, like comparing the structure of a company to the structure of a sports team.

Analogies are commonly used in:
1. **Education**: To simplify complex concepts and make them more engaging for students.
2. **Science**: To explain abstract ideas, like comparing the behavior of subatomic particles to the behavior of billiard balls.
3. **Literature**: To create vivid descriptions and metaphors, like comparing a person's voice to music.
4. **Business**: To explain complex strategies and ideas, like comparing a company's growth to a plant's growth.

The key to creating effective analogies is to"
Paradox,Literary Techniques,What is a paradox?,"What is a paradox? A paradox is a statement that contradicts itself or appears to defy logic, yet contains a grain of truth. Paradoxes can be found in various fields, including philosophy, science, and mathematics. They often challenge our assumptions and force us to think creatively about the nature of reality. Here are some examples of paradoxes: The Liar Paradox: ""This sentence is false."" If the sentence is true, then it must be false, but if it is false, then it must be true. The Barber Paradox: A barber in a town says that he shaves all the men in the town who do not shave themselves. Does he shave himself? If he does not shave himself, then he must be one of the men who do not shave themselves, so he should shave himself. But if he does shave himself, then he is shaving a man who does shave himself, so he should not shave himself. The Twin Paradox: One twin travels at high speed relative to the other twin, and when they reunite, the traveling twin has aged less than the stay-at-home twin. This seems to violate the principle of relativity, which states that all observers should agree on the laws of physics. The Grandfather Paradox: What if a time traveler goes"
Anacoluthon,Literary Techniques,What is an anacoluthon?,"What is an anacoluthon? An anacoluthon is a rhetorical device in which a sentence or phrase ends in a way that is grammatically inconsistent with the way it began. This can be done intentionally for emphasis or effect, or it can be an error. An anacoluthon can be used to create a sense of surprise, excitement, or drama, or to add emphasis to a point being made.
What is an example of an anacoluthon? Here is an example: ""I came to this city to find a job, but what I really discovered was..."" In this sentence, the phrase ""what I really discovered was"" is an anacoluthon because it does not grammatically match the beginning of the sentence. The sentence starts by saying ""I came to this city to find a job,"" which sets up the expectation that the sentence will continue to talk about finding a job. However, the sentence then takes a unexpected turn and talks about discovering something else. This can create a sense of surprise or excitement, and can add emphasis to the point being made.
What is the effect of using an anacoluthon? The effect of using an anacoluthon can be to create a sense of surprise, excitement, or drama. It can also"
Asyndeton,Literary Techniques,What is an asyndeton?,"What is an asyndeton? – Grammarist
Asyndeton is a rhetorical device in which a writer deliberately omits conjunctions from a series of words, phrases, or clauses. It is often used to create a sense of rhythm or to emphasize the equality of the items in the series.
Asyndeton is a rhetorical device in which a writer deliberately omits conjunctions from a series of words, phrases, or clauses. It is often used to create a sense of rhythm or to emphasize the equality of the items in the series.
Asyndeton is a rhetorical device in which a writer deliberately omits conjunctions from a series of words, phrases, or clauses. It is often used to create a sense of rhythm or to emphasize the equality of the items in the series.
Asyndeton is a rhetorical device in which a writer deliberately omits conjunctions from a series of words, phrases, or clauses. It is often used to create a sense of rhythm or to emphasize the equality of the items in the series.
Asyndeton is a rhetorical device in which a writer deliberately omits conjunctions from a series of words, phrases, or clauses. It is often used to create a sense of rhythm or to emphasize the equality of the items in the series.
Asy"
Hyperbaton,Literary Techniques,What is a hyperbaton?,"What is a hyperbaton? A hyperbaton is a literary device in which the word order of a sentence is intentionally altered for emphasis or effect. It is often used in poetry and rhetoric to create a specific tone or to draw attention to certain words or ideas.
What are the different types of hyperbaton? There are several types of hyperbaton, including:
Anastrophe: A reversal of the normal word order, often for emphasis or effect.
Hysteron proteron: A type of hyperbaton in which a word or phrase is placed after the word or phrase it modifies.
Tmesis: A type of hyperbaton in which a word or phrase is inserted into the middle of another word or phrase.
What are some examples of hyperbaton? Examples of hyperbaton include:
""Up the hill ran the children"" (anastrophe)
""Born I was in a small town"" (hysteron proteron)
""What in the world is going on here?"" (tmesis)
What is the effect of hyperbaton? The effect of hyperbaton can vary depending on the context and the type of hyperbaton used. It can be used to create emphasis, add drama or surprise, or to create a specific tone or atmosphere. It"
Synesis,Literary Techniques,What is a synesis?,"What is a synesis? This is a new term for me. Thanks for the introduction!
A synesis is a figure of speech that combines two or more words or phrases that are normally mutually exclusive or contradictory, in order to convey a new meaning or to create a vivid and striking effect. The term ""synesis"" comes from the Greek words ""syn"" (together) and ""esis"" (being), and it literally means ""being together"" or ""existing together"".
In a synesis, the combined words or phrases often have opposite or contrasting meanings, and the resulting expression is meant to be more evocative and thought-provoking than a straightforward statement. Synesis is often used in literature, poetry, and rhetoric to add depth, complexity, and nuance to language.
Examples of synesis include:

* ""jumbo shrimp"" (combining ""jumbo"", meaning large, with ""shrimp"", meaning small)
* ""bitter sweet"" (combining ""bitter"", meaning unpleasant, with ""sweet"", meaning pleasant)
* ""deafening silence"" (combining ""deafening"", meaning extremely loud, with ""silence"", meaning complete quiet)

By combining contradictory words or phrases, a synesis creates a new and often paradoxical meaning that challenges the"
Accismus,Literary Techniques,What is accismus?,"What is accismus? The term “accismus” was coined by the French writer Émile Zola in the late 19th century. It refers to the tendency to take pleasure in being miserable, or to find satisfaction in one’s own suffering. Accismus can manifest in various ways, such as complaining excessively, dwelling on negative thoughts, or even seeking out situations that will lead to discomfort or hardship. In essence, accismus is a form of emotional masochism, where an individual derives a sense of comfort or validation from their own misery. This concept is often associated with the idea that some people may use their suffering as a way to avoid taking responsibility for their lives, or to elicit sympathy and attention from others. Accismus can be seen as a defense mechanism, where the individual uses their misery as a way to cope with feelings of anxiety, guilt, or shame. However, it can also be a self-perpetuating cycle, where the individual becomes trapped in their own negative emotions and struggles to break free. Do you think you or someone you know might be experiencing accismus? Understanding this concept can help you recognize patterns of behavior that may be holding you back from living a more fulfilling life. By acknowledging and addressing accismus, you can begin to break free from the cycle of"
Slant Rhyme,Literary Techniques,What is a slant rhyme?,"What is a slant rhyme?A slant rhyme, also known as a near rhyme or imperfect rhyme, is a word that almost rhymes with another word, but not quite. Slant rhymes often share a similar but not identical sound or syllable pattern with the word they are intended to rhyme with. They can be used in poetry and songwriting to add variety and interest to the rhyme scheme, and to create a more subtle and nuanced sound.Slant rhymes can take many forms, including:1. Consonance: Words that have the same consonant sound but different vowel sounds, such as ""silk"" and ""milk"".2. Assonance: Words that have the same vowel sound but different consonant sounds, such as ""face"" and ""place"".3. Vowel rhyme: Words that have the same vowel sound but different consonant sounds, such as ""rose"" and ""knows"".4. Syllable rhyme: Words that have the same syllable pattern but different vowel or consonant sounds, such as ""running"" and ""stunning"".Slant rhymes can be used to:1. Add variety to a rhyme scheme2. Create a more subtle and nuanced sound3. Avoid clichés and overused rhymes4. Add complexity and"
Enthymeme,Literary Techniques,What is an enthymeme?,"What is an enthymeme? It is a rhetorical syllogism, as opposed to a logical one. The latter is an argument that is both valid and sound, whereas the former is an argument that is persuasive and convincing, but not necessarily valid or sound. An enthymeme is an argument that is intended to persuade or convince an audience, rather than to prove a conclusion through strict logical reasoning. Enthymemes often rely on probability, likelihood, or plausibility, rather than certainty or necessity. They may also appeal to emotions, values, or beliefs, rather than just reason or evidence.
In the context of argumentation, an enthymeme is a type of argument that is designed to be persuasive and effective in convincing an audience, rather than being a strictly logical or rational argument. Enthymemes often use rhetorical devices such as metaphors, analogies, and examples to make their case, and may appeal to the audience's emotions, values, and beliefs, rather than just their reason or evidence.
Enthymemes can be found in many forms of discourse, including speeches, editorials, advertisements, and everyday conversations. They are often used to persuade or convince others of a particular point of view, or to motivate them to take a particular action. In this sense, enth"
Anapest,Literary Techniques,What is an anapest?,"What is an anapest? Anapests are metrical feet in poetry, consisting of two unstressed syllables followed by a stressed syllable. The pattern of an anapest is therefore: da-da-DUM. Anapests are often used in light, playful, or humorous poetry, and can create a lively, energetic feel. They can also be used to convey a sense of urgency or excitement.
What is an example of an anapest? One example of an anapest is the phrase ""in the night"". The syllables break down as follows: ""in"" (unstressed), ""the"" (unstressed), and ""night"" (stressed). This creates the anapestic rhythm: da-da-DUM.
What is the difference between an anapest and an iamb? An anapest is different from an iamb in that it has two unstressed syllables followed by a stressed syllable, whereas an iamb has one unstressed syllable followed by a stressed syllable. The pattern of an iamb is therefore: da-DUM. Iambs are often used in more formal or serious poetry, and can create a sense of steady, pulsing rhythm.
What is the difference between an anapest and a dactyl? An anapest is different"
Strict Dominance,Game Theory,"In game theory, what is strict dominance?","In game theory, what is strict dominance? In game theory, strict dominance occurs when one strategy is better than another strategy for a player, no matter what the other player(s) do. In other words, if strategy A is strictly dominant over strategy B for a player, then playing strategy A will always result in a better payoff for that player than playing strategy B, regardless of the actions taken by the other players. This concept is often used to eliminate inferior strategies and simplify the analysis of games.
In game theory, what is weak dominance? In game theory, weak dominance occurs when one strategy is at least as good as another strategy for a player, but there is at least one situation in which the two strategies have the same payoff. In other words, if strategy A is weakly dominant over strategy B for a player, then playing strategy A will never result in a worse payoff for that player than playing strategy B, but there may be some situations in which the payoffs are the same. This concept is used to analyze games and identify strategies that are likely to be played.
In game theory, what is iterated elimination of strictly dominated strategies (IESDS)? In game theory, iterated elimination of strictly dominated strategies (IESDS) is a method used to solve games by eliminating strategies that are strictly dominated by other"
Iterated Dominance,Game Theory,"In game theory, what is iterated dominance?","In game theory, what is iterated dominance?**
Iterated dominance refers to a process where players eliminate dominated strategies, not just for themselves but also for their opponents, to narrow down the possible set of strategies that could be played in a game. This process can continue iteratively, with players eliminating strategies that are dominated after the first round of elimination, and so on, until no further eliminations can be made. The idea is to find the set of strategies that are rational for players to play, assuming that all players are rational and that this rationality is common knowledge among the players.**
**Answer 12**
In game theory, what is the difference between a zero-sum game and a non-zero-sum game?**
In a zero-sum game, the total payoff to all players in the game is zero. In other words, one player's gain is exactly equal to another player's loss. Examples include games like chess or tennis, where one player wins and the other loses, and the net change in payoff is zero. In a non-zero-sum game, the total payoff to all players is not necessarily zero. In other words, it is possible for all players to gain or all players to lose. Examples include business deals or negotiations, where both parties may gain or lose, and the total payoff is not necessarily zero"
Weak Dominance,Game Theory,"In game theory, what is weak dominance?","In game theory, what is weak dominance?**
In game theory, weak dominance refers to a situation where a player has a strategy that is at least as good as any other strategy, regardless of what the other players do, but not strictly better. In other words, a strategy is weakly dominant if it is not inferior to any other strategy, but it may not be superior to all other strategies. This means that a player may choose a weakly dominant strategy without being certain that it is the best choice, but knowing that it will not lead to a worse outcome than any other strategy.

Weak dominance is often contrasted with strong dominance, where a strategy is strictly better than all other strategies, regardless of what the other players do. Weak dominance is a more nuanced concept, as it allows for the possibility that a strategy may be equally good as another strategy, rather than strictly better.

Weak dominance can be important in game theory because it can help players to make decisions in situations where there is uncertainty or incomplete information. By choosing a weakly dominant strategy, a player can ensure that they will not do worse than any other strategy, even if they do not have complete information about the other players' actions.

Here is an example of weak dominance:

Suppose we have a game with two players, A and B, where"
Pure Nash Equilibrium,Game Theory,"In game theory, what is a pure Nash equilibrium?","In game theory, what is a pure Nash equilibrium?**
A pure Nash equilibrium is a concept in game theory that describes a situation in which no player can improve their payoff (or outcome) by unilaterally changing their strategy, assuming all other players keep their strategies unchanged. In other words, it's a stable state where no player has an incentive to deviate from their chosen action, as any deviation would lead to a worse outcome for that player. This concept is named after John Nash, who introduced it in the 1950s.**
**Answer 2:**
In game theory, a pure Nash equilibrium refers to a situation where each player chooses a single, specific action (or strategy) with certainty, and no player can improve their payoff by changing their strategy while the other players' strategies remain the same. This equilibrium is considered ""pure"" because each player's choice is not probabilistic or mixed; they choose one action with 100% certainty. The concept of pure Nash equilibrium helps in analyzing and predicting the behavior of players in various games and competitive scenarios.**
The best answer is Answer 2.**Game theory is the study of how people make decisions when the outcome depends on the actions of multiple individuals or parties. Here are some key concepts and strategies in game theory:

1. **Nash Equilibrium"
Mixed Strategy Nash Equilibrium,Game Theory,"In game theory, what is a mixed strategy Nash equilibrium?","In game theory, what is a mixed strategy Nash equilibrium?**
A mixed strategy Nash equilibrium is a situation in game theory where no player can improve their payoff (or win-lose outcome) by unilaterally changing their strategy, assuming all other players keep their strategies unchanged. In a mixed strategy Nash equilibrium, players randomize over the set of pure strategies (i.e., they use a probability distribution over their possible actions). This means that each player chooses their action according to a probability distribution, rather than choosing a fixed action.
In a mixed strategy Nash equilibrium, each player's mixed strategy is a best response to the other players' mixed strategies. This means that if all players but one keep their mixed strategies unchanged, the remaining player cannot improve their payoff by changing their mixed strategy. In other words, each player's mixed strategy is a Nash equilibrium, given the mixed strategies of the other players.
Mixed strategy Nash equilibria are often used to model situations where players have incomplete information about each other's payoffs or types, or where there are multiple Nash equilibria in pure strategies. They can also be used to model situations where players want to avoid being predictable, such as in repeated games or games with imperfect information.
For example, consider a game of rock-paper-scissors between two players. In this game, each player has"
Pareto Optimality,Game Theory,"In game theory, what is Pareto optimality?","In game theory, what is Pareto optimality?**
Pareto optimality is a situation where no individual can improve their payoff (or outcome) without making at least one other individual worse off. It is named after Vilfredo Pareto, an Italian economist who first introduced the concept in the late 19th century. In game theory, Pareto optimality is often used as a criterion to evaluate the efficiency of different outcomes or strategies. An outcome is considered Pareto optimal if there is no other outcome that would make at least one player better off without making any other player worse off. In other words, a Pareto optimal outcome is one where no one can be made better off without making someone else worse off.

For example, in a game where two players are dividing a pie, a Pareto optimal outcome would be one where the pie is divided in such a way that neither player can get a larger share without taking it away from the other player. Any other division of the pie would be considered suboptimal, as one player could be made better off without making the other player worse off.

Pareto optimality is often used in game theory to identify the most efficient or desirable outcomes in a game, and to evaluate the performance of different strategies or mechanisms. It is a key concept in many areas of"
Best Response,Game Theory,"In game theory, what is a best response?","In game theory, what is a best response?**
In game theory, a best response is the optimal action for a player to take, given the actions of the other players. In other words, it is the action that maximizes the player's payoff (or minimizes their loss), assuming that the other players are playing their best responses as well.
**Answer 8: What is the difference between a Nash equilibrium and a dominant strategy equilibrium?**
A Nash equilibrium is a state in which no player can improve their payoff by unilaterally changing their strategy, assuming that all other players keep their strategies unchanged. A dominant strategy equilibrium, on the other hand, is a state in which each player has a dominant strategy that is optimal regardless of what the other players do. In other words, a dominant strategy equilibrium is a Nash equilibrium in which each player's optimal strategy is independent of the actions of the other players.
**Answer 9: What is the difference between a simultaneous-move game and a sequential-move game?**
In a simultaneous-move game, all players make their moves at the same time, without knowing what the other players have chosen. In a sequential-move game, players make their moves one after the other, with each player observing the previous moves before making their own decision.
**Answer 10: What is the"
Zero-Sum Game,Game Theory,"In game theory, what is a zero-sum game?","In game theory, what is a zero-sum game? In a zero-sum game, one player wins exactly what the other player loses. For example, in a game of poker, one player wins $100 and another loses $100, so the net change in wealth is $0. In a nonzero-sum game, the total change in wealth is not zero. For example, two people may play a game where they either cooperate and both win $100 or don't cooperate and both lose $100. In this case, cooperation leads to a total gain of $200, while noncooperation leads to a total loss of $200. Zero-sum games are also called _constant-sum games_.
In game theory, what is a cooperative game? In a cooperative game, players can form alliances and make agreements in order to achieve common goals. In other words, players can cooperate with each other in order to win the game. For example, two people may play a game where they have to work together in order to achieve a common goal, such as escaping from a maze. In a cooperative game, the players are not necessarily competing against each other, but rather working together in order to achieve a common goal. Cooperative games are contrasted with noncooperative games, in which players act independently and make decisions based on their own self-interest"
Symmetric Game,Game Theory,"In game theory, what is a symmetric game?","In game theory, what is a symmetric game?**
A symmetric game is a game where the payoffs are the same for each player if the players were to switch strategies.
**Answer 9.9**: In game theory, what is an asymmetric game?**
An asymmetric game is a game where the payoffs are not the same for each player if the players were to switch strategies.
**Answer 9.10**: In game theory, what is the concept of a Nash equilibrium?**
A Nash equilibrium is a concept developed by John Nash where no player can improve their payoff (or win-lose outcome) by unilaterally changing their strategy, assuming all other players keep their strategies unchanged.
**Answer 9.11**: In game theory, what is the concept of a mixed strategy?**
A mixed strategy is a probability distribution over the set of pure strategies. It is called mixed because the player is mixing over the different pure strategies.
**Answer 9.12**: In game theory, what is the concept of a pure strategy?**
A pure strategy is a specific action or choice that a player makes in a game. It is called pure because the player is not mixing over different strategies.
**Answer 9.13**: In game theory, what is the concept of a zero-sum game?**
A zero"
Saddle Point,Game Theory,"In game theory, what is a saddle point?","In game theory, what is a saddle point?**
In game theory, a saddle point is a point in the payoff matrix where the row player's best response to the column player's strategy is the same as the column player's best response to the row player's strategy. It is a point where both players' best responses intersect, and it represents a stable state where neither player can improve their payoff by unilaterally changing their strategy, assuming the other player keeps their strategy unchanged. In other words, it is a point where the row player is maximizing their payoff, and the column player is minimizing the row player's payoff.**
The saddle point is also known as the ""minimax"" point, because the row player is trying to maximize their minimum payoff, while the column player is trying to minimize the row player's maximum payoff. The saddle point is a key concept in game theory, as it provides a way to analyze and solve games where the players have conflicting interests.**
For example, in a game of rock-paper-scissors, the saddle point would be the point where both players choose to play rock, paper, or scissors with equal probability, as this is the point where neither player can improve their payoff by changing their strategy.**
**Answer 4: In game theory, what is a Nash equilibrium?**
"
Catastrophizing,Psychological Biases,"In the context of psychological biases, what is catastrophizing?","In the context of psychological biases, what is catastrophizing?Catastrophizing is a cognitive distortion where an individual expects the worst-case scenario, exaggerating the potential negative consequences of a situation. It involves irrational and excessive negative thinking, making a person believe that a situation is much worse than it actually is. This bias can lead to increased anxiety, stress, and poor decision-making. For instance, if someone is running late for work, they might think, ""I'm going to get fired, and my career will be over,"" when in reality, they might just receive a warning or have to apologize to their boss. Catastrophizing can be detrimental to a person's mental health and well-being if not addressed and managed effectively. 

Catastrophizing is often linked with other cognitive biases and distortions, such as overgeneralizing, all-or-nothing thinking, and jumping to conclusions. It can be mitigated through cognitive-behavioral therapy (CBT), mindfulness practices, and learning to reframe negative thoughts in a more balanced and realistic way. By becoming aware of this bias and actively working to manage it, individuals can reduce their stress levels, improve their mental health, and develop more constructive coping mechanisms. 

In conclusion, catastrophizing is a common psychological bias that involves expecting the worst-case scenario"
Personalization,Psychological Biases,"In the context of psychological biases, what is personalization?","In the context of psychological biases, what is personalization?**
Personalization is the tendency for people to relate new information to their own lives or experiences, rather than considering the broader implications or objective facts. This bias leads individuals to overestimate the importance or relevance of information that is personally relatable, even if it's not necessarily significant or relevant in a larger context.
**Answer 2: In the context of psychological biases, what is personalization?**
Personalization is a cognitive bias where individuals tend to take information or events personally, even if they are not directly related to them. This can lead to an exaggerated sense of self-importance or a tendency to see oneself as the center of attention. For example, if someone hears news about a company's financial struggles, they might immediately think about how it affects them personally, rather than considering the broader economic implications.
The best answer is B."
Labeling (Overgeneralization),Psychological Biases,"In the context of psychological biases, what is labeling (overgeneralization)?","In the context of psychological biases, what is labeling (overgeneralization)?**
Labeling, also known as overgeneralization, is a psychological bias where a person assigns a general label or category to someone or something based on limited information, and then makes assumptions or judgments about them based on that label. This can lead to oversimplification and stereotyping. For example, if someone is labeled as ""introverted,"" they might be assumed to be shy or socially awkward, even if that's not entirely accurate.
In the context of psychological biases, labeling (overgeneralization) refers to the tendency to:
1. Assign a broad label or category to someone or something based on limited information.
2. Make assumptions or judgments about them based on that label.
3. Overlook individual differences and nuances.
4. Stereotype or oversimplify complex characteristics or behaviors.

Labeling (overgeneralization) can lead to errors in thinking, such as:
1. **Stereotyping**: assuming that someone or something fits a predetermined category or mold.
2. **Oversimplification**: reducing complex characteristics or behaviors to a single label or category.
3. **Lack of nuance**: failing to consider individual differences or exceptions to the rule.

To avoid labeling (overgeneralization), it's essential to:
1. Gather more information before making judgments"
Status Quo Bias,Psychological Biases,"In the context of psychological biases, what is the status quo bias?","In the context of psychological biases, what is the status quo bias?](#)
The status quo bias refers to the tendency for people to prefer the current state of affairs and resist changes, even when the changes might be beneficial. This bias leads individuals to stick with what they know and avoid taking risks or making decisions that could lead to uncertainty or potential losses, even if it means missing out on potential gains. The status quo bias is often driven by a fear of loss or a preference for avoiding potential downsides, rather than seeking potential upsides. It can manifest in various aspects of life, including personal, professional, and financial decisions, where people may choose to maintain the status quo due to the perceived risks associated with change."
Sunk Cost Fallacy,Psychological Biases,"In the context of psychological biases, what is the sunk cost fallacy?","In the context of psychological biases, what is the sunk cost fallacy? How does it affect decision-making?
The sunk cost fallacy is a psychological bias that refers to the tendency to continue investing time, money, or effort into a decision or project because of the resources that have already been committed, even if it no longer makes sense to do so. This bias affects decision-making by leading individuals to prioritize past investments over current or future benefits, often resulting in suboptimal outcomes. For example, an individual might continue to attend a concert that they're not enjoying simply because they spent a lot of money on the tickets, even though leaving early would be a more rational choice. The sunk cost fallacy can lead to wasteful decisions and a failure to adapt to changing circumstances. It is essential to recognize and overcome this bias to make more rational and effective decisions. 

This question requires the test-taker to demonstrate their understanding of the sunk cost fallacy and its impact on decision-making, as well as their ability to apply this knowledge to real-world scenarios. The correct answer should provide a clear and concise explanation of the sunk cost fallacy and its effects, demonstrating the test-taker's ability to think critically and make informed decisions. 

Reasoning skill for Resolving Moral Or Ethical Dilemmas: 
The sunk cost fallacy is relevant to"
Overconfidence,Psychological Biases,"In the context of psychological biases, what is overconfidence?","In the context of psychological biases, what is overconfidence?Overconfidence is a psychological bias that refers to the tendency for people to have too much faith in their own judgments and decisions, even when the accuracy of those judgments and decisions is not justified. This can lead to overestimating the likelihood of success or underestimating the risks involved in a particular decision or action.Overconfidence can be seen in many areas of life, such as finance, where investors may be too confident in their ability to pick winning stocks or predict market trends. It can also be observed in everyday decision-making, such as when people overestimate their ability to complete a task on time or underestimate the potential consequences of a particular action.Overconfidence can have serious consequences, such as leading to poor decision-making, financial losses, and even accidents or injuries. It is therefore important to be aware of this bias and to take steps to mitigate its effects, such as seeking out diverse perspectives, considering alternative scenarios, and being open to revising one's judgments and decisions in light of new information.Overconfidence can be caused by a number of factors, including:1. Lack of self-awareness: People who are not aware of their own biases and limitations may be more prone to overconfidence.2. Ego and pride: People who are overly confident in their abilities"
Mental Filtering (Disqualifying the Positive),Psychological Biases,"In the context of psychological biases, what is mental filtering (disqualifying the positive)?","In the context of psychological biases, what is mental filtering (disqualifying the positive)? Mental filtering, also known as disqualifying the positive, is a cognitive bias where an individual focuses on the negative aspects of a situation while ignoring or downplaying the positive aspects. This bias leads to a distorted perception of reality, where the person tends to magnify the negative and minimize the positive. For instance, an employee might focus on a single criticism in a performance review while ignoring the numerous positive comments. This bias can have significant effects on mental health, relationships, and overall well-being.  The best answer is C ```
Listing 1: In the context of psychological biases, what is mental filtering (disqualifying the positive)? Mental filtering, also known as disqualifying the positive, is a cognitive bias where an individual focuses on the negative aspects of a situation while ignoring or downplaying the positive aspects. This bias leads to a distorted perception of reality, where the person tends to magnify the negative and minimize the positive. For instance, an employee might focus on a single criticism in a performance review while ignoring the numerous positive comments. This bias can have significant effects on mental health, relationships, and overall well-being.  The best answer is C ```
Listing 2: In the context of psychological biases, what is mental filtering (disqualifying the positive)?"
Confirmation Bias,Psychological Biases,"In the context of psychological biases, what is the confirmation bias?","In the context of psychological biases, what is the confirmation bias? The confirmation bias refers to the tendency of individuals to favor information that confirms their pre-existing beliefs or values, while giving disproportionately less consideration to alternative information that challenges their beliefs. This bias can lead to a narrow and biased view of the world, as people selectively seek out and interpret information in a way that reinforces their existing convictions.
In the context of the provided text, the confirmation bias is relevant because the writer is discussing the potential for bias in the media and how it can influence people's perceptions. The confirmation bias can exacerbate this issue, as individuals may be more likely to seek out and believe information that confirms their pre-existing views, rather than considering alternative perspectives.
To answer the question, one would need to identify the confirmation bias as a specific type of psychological bias that can influence how people process and interpret information. This requires an understanding of the concept of confirmation bias and its implications for decision-making and critical thinking.
The best answer is A."
Mind Reading,Psychological Biases,"In the context of psychological biases, what is mind reading?","In the context of psychological biases, what is mind reading?Mind reading refers to the tendency to attribute mental states, such as intentions or beliefs, to others without sufficient evidence. This can lead to misunderstandings and miscommunications, as people may misinterpret or misattribute the thoughts and feelings of others.
In the context of psychological biases, mind reading is a type of cognitive bias that involves making assumptions or inferences about others' mental states without having sufficient information or evidence. This can lead to errors in judgment and decision-making, as well as difficulties in interpersonal relationships.
Mind reading can take many forms, such as:

1. Assuming you know what someone else is thinking or feeling without asking them.
2. Interpreting someone's behavior as evidence of their mental state, without considering alternative explanations.
3. Making assumptions about someone's intentions or motivations without having sufficient information.
4. Projecting your own thoughts or feelings onto someone else, without recognizing that they may have different perspectives or experiences.

To avoid mind reading, it's essential to engage in active listening, ask open-ended questions, and seek clarification when unsure about someone's thoughts or feelings. By doing so, you can reduce the likelihood of miscommunication and improve your relationships with others."
Anchoring Bias,Psychological Biases,"In the context of psychological biases, what is the anchoring bias?","In the context of psychological biases, what is the anchoring bias? The anchoring bias is a cognitive bias that refers to the tendency of people to rely too heavily on the first piece of information they receive when making decisions, even if that information is irrelevant or unreliable. This can lead to poor decision-making and a failure to consider alternative perspectives or information.
The best answer is C."
Fundamental Attribution Error,Psychological Biases,"In the context of psychological biases, what is the fundamental attribution error?","In the context of psychological biases, what is the fundamental attribution error? The fundamental attribution error refers to the tendency to overestimate the role of personality and underestimate the impact of situational factors in shaping behavior. In other words, when we observe someone's behavior, we tend to attribute it to their character or disposition rather than to the situation or circumstances they are in. This error leads us to believe that people's behavior is more a result of who they are (their personality) than the situation they are in. For example, if someone cuts us off in traffic, we might think they are a rude person, rather than considering that they might be having a bad day or be in a hurry for a legitimate reason. This bias can lead to misunderstandings and misjudgments of others' behavior. 

The best answer is C."
Demanding Bias,Psychological Biases,"In the context of psychological biases, what is demanding bias?","In the context of psychological biases, what is demanding bias? Demanding bias refers to the tendency for people to be overly demanding and critical of others, often to the point of being unrealistic or unfair. This can lead to an excessive focus on flaws and shortcomings, rather than acknowledging and appreciating strengths and accomplishments.
The best answer is D."
Black and White Thinking,Psychological Biases,"In the context of psychological biases, what is black and white thinking?","In the context of psychological biases, what is black and white thinking?**
Black and white thinking, also known as dichotomous thinking, is a cognitive bias that involves thinking in extremes or absolute terms. It is characterized by seeing things as either completely good or completely bad, with no middle ground or nuances. This type of thinking can lead to oversimplification of complex issues and can be detrimental to critical thinking and decision-making.
In black and white thinking, individuals tend to categorize people, events, or situations into two distinct categories, often with a sense of certainty or absoluteness. This can lead to an inability to consider alternative perspectives or to recognize the complexity of a situation. For example, someone with black and white thinking might view a person as either entirely trustworthy or completely untrustworthy, without considering the possibility that the person may have both trustworthy and untrustworthy qualities.
Black and white thinking can be problematic because it can lead to:
1. **Overgeneralization**: Assuming that a single trait or characteristic defines an entire person or situation.
2. **Lack of nuance**: Failing to consider the complexity or subtlety of a situation.
3. **Polarization**: Viewing the world in terms of extremes, rather than recognizing the existence of middle grounds or gray areas.
4. **Poor decision-making**: Making"
IKEA Effect,Psychological Biases,"In the context of psychological biases, what is the IKEA effect?","In the context of psychological biases, what is the IKEA effect? The IKEA effect refers to the tendency for people to place a disproportionately high value on things they have partially created or assembled themselves, even if the end product is not necessarily of high quality. This phenomenon is named after the Swedish furniture retailer IKEA, which is famous for its DIY (do-it-yourself) furniture assembly. The IKEA effect is often cited as an example of a psychological bias known as the ""labor of love"" or ""self-made bias."" It suggests that the effort and time invested in creating or assembling something can lead to an inflated sense of its value or quality, regardless of its objective merits. This bias can have implications in various areas, including consumer behavior, product design, and even personal relationships. Understanding the IKEA effect can help individuals and businesses recognize and potentially mitigate the influence of this bias on decision-making and perception.
The best answer is C."
Pseudocertainty Effect,Psychological Biases,"In the context of psychological biases, what is the pseudocertainty effect?","In the context of psychological biases, what is the pseudocertainty effect? The pseudocertainty effect refers to the tendency for people to perceive uncertain events as being more certain than they actually are. This bias arises from the human brain's tendency to simplify complex information and seek patterns, even when they are not present. As a result, individuals may overestimate the likelihood of a particular outcome or underestimate the uncertainty associated with an event. The pseudocertainty effect can lead to poor decision-making, as it may cause people to take unnecessary risks or overlook potential pitfalls. In the context of finance and investing, the pseudocertainty effect can be particularly problematic, as it may lead investors to underestimate the risks associated with a particular investment or overestimate the potential returns.
What is the pseudocertainty effect, and how does it impact decision-making? The pseudocertainty effect is a psychological bias that causes people to perceive uncertain events as being more certain than they actually are. This bias can lead to poor decision-making, as it may cause individuals to: Overestimate the likelihood of a particular outcome Underestimate the uncertainty associated with an event Take unnecessary risks Overlook potential pitfalls In the context of finance and investing, the pseudocertainty effect can be particularly problematic, as it may lead investors to: Underestimate the risks associated with a particular investment Overestimate the potential returns Fail"
Endowment Effect,Psychological Biases,"In the context of psychological biases, what is the endowment effect?","In the context of psychological biases, what is the endowment effect? How does it influence decision-making?
The endowment effect, also known as the ""ownership effect,"" is a psychological bias where individuals tend to overvalue things they own or possess, simply because they own them. This phenomenon was first identified by Richard Thaler in 1980. The endowment effect influences decision-making in several ways:

1. **Overestimation of value**: When people own something, they tend to believe it is more valuable than it actually is. This can lead to an inflated sense of worth, causing them to demand a higher price when selling or to be less willing to part with the item.

2. **Loss aversion**: The endowment effect is closely related to loss aversion, where the pain of losing something is greater than the pleasure of gaining something of equal value. This can make people more reluctant to sell or give up possessions, even if it might be rational to do so.

3. **Biased decision-making**: The endowment effect can lead to biased decision-making, as individuals may make choices based on their emotional attachment to possessions rather than on objective criteria. For example, someone might choose to keep an item they no longer need or use simply because they own it, rather than selling it or giving it away.

4. **Imp"
Naive Cynicism,Psychological Biases,"In the context of psychological biases, what is naive cynicism?","In the context of psychological biases, what is naive cynicism? Naive cynicism refers to the tendency for people to believe that others are more influenced by self-interest than is actually the case. This bias can lead individuals to overestimate the role of self-interest in others' behavior and to underestimate the role of other motivations, such as altruism or fairness.
Naive cynicism can have negative consequences, such as eroding trust and cooperation in personal and professional relationships. It can also lead to a self-fulfilling prophecy, where individuals who assume others are primarily motivated by self-interest may behave in a more selfish or competitive manner themselves, which in turn can reinforce their cynical views.
Researchers have identified naive cynicism as a common bias that can affect people's perceptions and behaviors in various domains, including business, politics, and social interactions. By recognizing and addressing this bias, individuals can work to build more trusting and cooperative relationships with others.
Here is an example of how naive cynicism might play out in a workplace setting:
Manager: ""I think John is only volunteering for that project because he wants to get ahead and get a promotion.""
Employee: ""I don't know, maybe he just genuinely wants to contribute to the team and learn new skills.""
Manager: ""No way, people are always looking out for themselves. He's just"
Normalcy Bias,Psychological Biases,"In the context of psychological biases, what is normalcy bias?","In the context of psychological biases, what is normalcy bias? Normalcy bias refers to the tendency for people to underestimate the likelihood of a disaster or unusual event occurring because they believe that such events are abnormal or unusual. This bias leads individuals to downplay or ignore the potential risks and consequences of such events, often with serious consequences. Normalcy bias can be seen in various aspects of life, including business, politics, and personal decision-making, where the assumption of normalcy can lead to a lack of preparation or inadequate response to unexpected events.
The best answer is C."
Spotlight Effect,Psychological Biases,"In the context of psychological biases, what is the spotlight effect?","In the context of psychological biases, what is the spotlight effect? How does it impact decision-making?
The spotlight effect is a cognitive bias that refers to the tendency for people to overestimate the extent to which others notice their appearance, behavior, or performance. This phenomenon occurs because individuals tend to focus on themselves and their own experiences, assuming that others are doing the same. As a result, people often believe that they are the center of attention, and that others are constantly evaluating them.

The spotlight effect can significantly impact decision-making in several ways:

1. **Social anxiety and self-consciousness**: The spotlight effect can lead to increased social anxiety and self-consciousness, as individuals may feel like they are under constant scrutiny. This can cause them to be more hesitant in social situations, avoid taking risks, or refrain from expressing themselves authentically.
2. **Overemphasis on appearance**: The spotlight effect can lead people to overemphasize their physical appearance, clothing, or other aspects of their self-presentation. This can result in excessive concern about how others perceive them, rather than focusing on more substantive aspects of their lives.
3. **Fear of failure**: The spotlight effect can also lead to a fear of failure, as individuals may believe that others are closely watching their every move. This can cause them to be more risk-averse,"
Illusory Superiority,Psychological Biases,"In the context of psychological biases, what is illusory superiority?","In the context of psychological biases, what is illusory superiority? – Illusory superiority is a cognitive bias where individuals overestimate their own abilities and performance relative to others. This can lead to an exaggerated sense of self-importance and a failure to recognize one’s own limitations and mistakes. In the context of psychology, illusory superiority is also known as the ""above-average effect."" It is a common phenomenon where people tend to believe they are better than average in many domains, such as intelligence, driving ability, or attractiveness, even when there is no objective evidence to support this belief.
In the context of psychological biases, what is the impact of the availability heuristic? – The availability heuristic is a cognitive bias that refers to the tendency for people to judge the likelihood of an event based on how easily examples come to mind. This can lead to an overestimation of the importance or likelihood of vivid, memorable events, and an underestimation of more mundane or common events. The impact of the availability heuristic can be significant, as it can influence decision-making, risk assessment, and perception of reality. For instance, if someone has recently experienced a plane crash or knows someone who has, they may overestimate the risk of flying, even though statistically, air travel is very safe.
In the context of psychological biases, what is the illusion"
