Concept,Domain,Articulate
Haiku,Literary Techniques,What is a haiku?
Shakespearean Sonnet,Literary Techniques,What is a Shakespearean Sonnet?
Analogy,Literary Techniques,What is an analogy?
Paradox,Literary Techniques,What is a paradox?
Anacoluthon,Literary Techniques,What is an anacoluthon?
Asyndeton,Literary Techniques,What is an asyndeton?
Hyperbaton,Literary Techniques,What is a hyperbaton?
Synesis,Literary Techniques,What is a synesis?
Accismus,Literary Techniques,What is accismus?
Slant Rhyme,Literary Techniques,What is a slant rhyme?
Enthymeme,Literary Techniques,What is an enthymeme?
Anapest,Literary Techniques,What is an anapest?
Strict Dominance,Game Theory,"In game theory, what is strict dominance?"
Iterated Dominance,Game Theory,"In game theory, what is iterated dominance?"
Weak Dominance,Game Theory,"In game theory, what is weak dominance?"
Pure Nash Equilibrium,Game Theory,"In game theory, what is a pure Nash equilibrium?"
Mixed Strategy Nash Equilibrium,Game Theory,"In game theory, what is a mixed strategy Nash equilibrium?"
Pareto Optimality,Game Theory,"In game theory, what is Pareto optimality?"
Best Response,Game Theory,"In game theory, what is a best response?"
Zero-Sum Game,Game Theory,"In game theory, what is a zero-sum game?"
Symmetric Game,Game Theory,"In game theory, what is a symmetric game?"
Saddle Point,Game Theory,"In game theory, what is a saddle point?"
Catastrophizing,Psychological Biases,"In the context of psychological biases, what is catastrophizing?"
Personalization,Psychological Biases,"In the context of psychological biases, what is personalization?"
Labeling (Overgeneralization),Psychological Biases,"In the context of psychological biases, what is labeling (overgeneralization)?"
Status Quo Bias,Psychological Biases,"In the context of psychological biases, what is the status quo bias?"
Sunk Cost Fallacy,Psychological Biases,"In the context of psychological biases, what is the sunk cost fallacy?"
Overconfidence,Psychological Biases,"In the context of psychological biases, what is overconfidence?"
Mental Filtering (Disqualifying the Positive),Psychological Biases,"In the context of psychological biases, what is mental filtering (disqualifying the positive)?"
Confirmation Bias,Psychological Biases,"In the context of psychological biases, what is the confirmation bias?"
Mind Reading,Psychological Biases,"In the context of psychological biases, what is mind reading?"
Anchoring Bias,Psychological Biases,"In the context of psychological biases, what is the anchoring bias?"
Fundamental Attribution Error,Psychological Biases,"In the context of psychological biases, what is the fundamental attribution error?"
Demanding Bias,Psychological Biases,"In the context of psychological biases, what is demanding bias?"
Black and White Thinking,Psychological Biases,"In the context of psychological biases, what is black and white thinking?"
IKEA Effect,Psychological Biases,"In the context of psychological biases, what is the IKEA effect?"
Pseudocertainty Effect,Psychological Biases,"In the context of psychological biases, what is the pseudocertainty effect?"
Endowment Effect,Psychological Biases,"In the context of psychological biases, what is the endowment effect?"
Naive Cynicism,Psychological Biases,"In the context of psychological biases, what is naive cynicism?"
Normalcy Bias,Psychological Biases,"In the context of psychological biases, what is normalcy bias?"
Spotlight Effect,Psychological Biases,"In the context of psychological biases, what is the spotlight effect?"
Illusory Superiority,Psychological Biases,"In the context of psychological biases, what is illusory superiority?"
